,customer_id,name,age,gender,city,email,phone,signup_date,purchase_amount,category
0,1001.0,John kamau,24.0,Male,Nairobi,john@gmail.com,+254712345678,2025-01-15,4500.5,electronics
1,1002.0,Mary wanjiku,29.0,Female,Nairobi,mary@gmail.com,+254722456789,2025-01-15,3200.0,clothing
2,1003.0,Peter otieno,34.0,Male,Kisumu,peter@gmail.com,+254733123456,2025-02-03,1250.75,electronics
4,1005.0,Brian mwangi,17.0,Male,Nakuru,,+254712345678,2025-02-10,1200.0,food
6,1007.0,David kariuki,45.0,Male,Nairobi,david@gmail.com,+254733555444,2025-11-02,5000.0,electronics
10,1011.0,Mark mutua,26.0,Male,Thika,mark@gmail.com,+254700123456,2025-02-20,2700.0,electronics
11,1012.0,Grace chebet,33.0,Female,Eldoret,grace@gmail.com,+254712777888,2025-02-20,3100.75,clothing
12,1013.0,Samuel kiplagat,27.0,Male,Eldoret,samuel@gmail.com,+254712777888,2025-02-21,4500.0,food
14,1015.0,Mary wanjiku,29.0,Female,Nairobi,mary@gmail.com,+254722456789,2025-01-15,3200.0,clothing
15,1016.0,Peter otieno,34.0,Male,Kisumu,peter@gmail.com,+254733123456,2025-02-03,1250.75,electronics
16,1017.0,Daniel ouma,22.0,Male,Nairobi,daniel@gmail.com,+254700444555,2025-02-25,1500.0,food
17,1018.0,Faith atieno,25.0,Female,Mombasa,faith@gmail.com,+254711555666,2025-02-26,2750.5,clothing
19,1020.0,Carol nyambura,23.0,Female,Kiambu,carol@gmail.com,+254733888999,,2100.0,food
20,1021.0,Joseph kariuki,36.0,Male,Thika,joseph@gmail.com,+254700111222,2025-03-01,3200.0,electronics
21,1022.0,Esther wambui,30.0,Female,Nairobi,esther@gmail.com,+254712222333,2025-01-03,2800.0,clothing
22,1023.0,Michael onyango,41.0,Male,Kisumu,michael@gmail.com,+254733111222,2025-03-03,4500.0,electronics
23,1024.0,Agnes wanjiru,27.0,Female,Nakuru,agnes@gmail.com,+254701333444,2025-03-03,1750.0,food
24,1025.0,John kamau,24.0,Male,Nairobi,john@gmail.com,+254712345678,2025-01-15,4500.5,electronics
25,1026.0,Peter otieno,34.0,Male,Kisumu,peter@gmail.com,+254712123456,2025-03-05,1250.75,electronic
29,1030.0,Anthony mwangi,32.0,Male,Thika,anthony@gmail.com,+254733999000,2025-03-09,4200.0,electronics
